{
  "$schema": "https://mintlify.com/docs.json",
  "theme": "aspen",
  "name": "Browser Use",
  "colors": {
    "primary": "#FE750E",
    "light": "#FFF7ED",
    "dark": "#C2410C"
  },
  "favicon": "/favicon.ico",
  "contextual": {
    "options": [
      "copy",
      "view"
    ]
  },
  "fonts": {
    "family": "Geist"
  },
  "integrations": {
    "posthog": {
      "apiKey": "phc_F8JMNjW1i2KbGUTaW1unnDdLSPCoyc52SGRU0JecaUh"
    }
  },
  "navigation": {
    "tabs": [
      {
        "tab": "Library",
        "groups": [
          {
            "group": "Get Started",
            "pages": [
              "introduction",
              "quickstart",
              "quickstart_llm"
            ]
          },
          {
            "group": "Customize",
            "pages": [
              {
                "group": "Agent",
                "icon": "robot",
                "isDefaultOpen": true,
                "pages": [
                  "customize/agent/basics",
                  "customize/agent/supported-models",
                  "customize/agent/output-format",
                  "customize/agent/all-parameters"
                ]
              },
              {
                "group": "Browser",
                "icon": "window",
                "isDefaultOpen": false,
                "pages": [
                  "customize/browser/basics",
                  "customize/browser/real-browser",
                  "customize/browser/remote",
                  "customize/browser/all-parameters"
                ]
              },
              {
                "group": "Tools",
                "icon": "wrench",
                "isDefaultOpen": false,
                "pages": [
                  "customize/tools/basics",
                  "customize/tools/available",
                  "customize/tools/add",
                  "customize/tools/remove",
                  "customize/tools/response"
                ]
              },
              {
                "group": "Examples",
                "icon": "folder-open",
                "pages": [
                  "customize/examples/fast-agent",
                  "customize/examples/chain-agents",
                  "customize/examples/parallel-browser",
                  "customize/examples/sensitive-data",
                  "customize/examples/secure",
                  "customize/examples/more-examples"
                ]
              }
            ]
          },
          {
            "group": "Development",
            "pages": [
              "development/contribution-guide",
              "development/local-setup",
              {
                "group": "MCP",
                "icon": "link",
                "pages": [
                  "customize/mcp-client",
                  "customize/mcp-server"
                ]
              },
              "customize/hooks",
              "development/telemetry",
              "development/observability"
            ]
          }
        ]
      },
      {
        "tab": "Cloud",
        "versions": [
          {
            "version": "v2",
            "groups": [
              {
                "group": "Get Started",
                "pages": [
                  "cloud/v2/quickstart",
                  "cloud/v2/python-quickstart",
                  "cloud/v2/node-quickstart"
                ]
              },
              {
                "group": "Platform",
                "pages": [
                  "cloud/v1/pricing",
                  "cloud/v1/n8n-browser-use-integration",
                  "cloud/v1/search"
                ]
              },
              {
                "group": "REST API reference",
                "openapi": "https://app.stainless.com/api/spec/documented/browser-use/openapi.documented.yml"
              }
            ]
          },
          {
            "version": "v1",
            "groups": [
              {
                "group": "Get Started",
                "pages": [
                  "cloud/v1/quickstart",
                  "cloud/v1/search",
                  "cloud/v1/pricing"
                ]
              },
              {
                "group": "Guides",
                "pages": [
                  "cloud/v1/implementation",
                  "cloud/v1/custom-sdk",
                  "cloud/v1/webhooks",
                  "cloud/v1/authentication",
                  "cloud/v1/n8n-browser-use-integration"
                ]
              },
              {
                "group": "REST API reference",
                "openapi": "https://api.browser-use.com/api/v1/openapi.json"
              }
            ]
          }
        ]
      }
    ]
  },
  "logo": {
    "light": "/logo/light.svg",
    "dark": "/logo/dark.svg",
    "href": "https://browser-use.com"
  },
  "api": {
    "playground": {
      "display": "interactive"
    },
    "examples": {
      "languages": [
        "javascript",
        "curl",
        "python"
      ],
      "required": true
    }
  },
  "navbar": {
    "links": [
      {
        "label": "Github",
        "href": "https://github.com/browser-use/browser-use"
      },
      {
        "label": "Discord",
        "href": "https://link.browser-use.com/discord"
      }
    ],
    "primary": {
      "type": "button",
      "label": "Browser Use Cloud",
      "href": "https://cloud.browser-use.com"
    }
  },
  "footer": {
    "socials": {
      "x": "https://x.com/browser_use",
      "github": "https://github.com/browser-use/browser-use",
      "linkedin": "https://linkedin.com/company/browser-use"
    }
  }
}